date,CashData
6/2/2020 1:00,1745.04
6/2/2020 1:00,1721.62
6/3/2020 1:00,1732.03
6/3/2020 1:00,1689.11
6/4/2020 1:00,1696.65
6/4/2020 1:00,1721.96
6/5/2020 1:00,1716.44
6/5/2020 1:00,1670.74
6/8/2020 1:00,1677.44
6/8/2020 1:00,1700.63
6/9/2020 1:00,1692.18
6/9/2020 1:00,1720.82
6/10/2020 1:00,1707.7
6/10/2020 1:00,1739.81
6/11/2020 1:00,1721.51
6/11/2020 1:00,1744.69
6/12/2020 1:00,1722.12
6/12/2020 1:00,1743.01
6/15/2020 1:00,1735.45
6/15/2020 1:00,1704.08
6/16/2020 1:00,1732.78
6/16/2020 1:00,1716.47
6/17/2020 1:00,1712.8
6/17/2020 1:00,1730.17
6/18/2020 1:00,1737.44
6/18/2020 1:00,1717.41
6/19/2020 1:00,1721.3
6/19/2020 1:00,1745.24
6/22/2020 1:00,1742.71
6/22/2020 1:00,1763.13
6/23/2020 1:00,1747.27
6/23/2020 1:00,1771.01
6/24/2020 1:00,1779.33
6/24/2020 1:00,1760.36
6/25/2020 1:00,1754.26
6/25/2020 1:00,1768.84
6/26/2020 1:00,1747.42
6/26/2020 1:00,1771.96
6/29/2020 1:00,1775.83
6/29/2020 1:00,1765.59
6/30/2020 1:00,1764.67
6/30/2020 1:00,1785.96
7/1/2020 1:00,1789.1
7/1/2020 1:00,1759.24
7/2/2020 1:00,1757.46
7/2/2020 1:00,1779.45
7/3/2020 1:00,1772.52
7/3/2020 1:00,1777.11
7/6/2020 1:00,1769.81
7/6/2020 1:00,1787.05
7/7/2020 1:00,1773.51
7/7/2020 1:00,1797.48
7/8/2020 1:00,1791.36
7/8/2020 1:00,1818.07
7/9/2020 1:00,1815.84
7/9/2020 1:00,1795.91
7/10/2020 1:00,1810.46
7/10/2020 1:00,1794.01
7/13/2020 1:00,1797.79
7/13/2020 1:00,1813.39
7/14/2020 1:00,1790.16
7/14/2020 1:00,1810.94
7/15/2020 1:00,1815
7/15/2020 1:00,1802.42
7/16/2020 1:00,1813.36
7/16/2020 1:00,1794.79
7/17/2020 1:00,1795.67
7/17/2020 1:00,1811.87
7/20/2020 1:00,1805.59
7/20/2020 1:00,1820.46
7/21/2020 1:00,1815.68
7/21/2020 1:00,1843.46
7/22/2020 1:00,1839.89
7/22/2020 1:00,1872.12
7/23/2020 1:00,1863.61
7/23/2020 1:00,1898.27
7/24/2020 1:00,1881.34
7/24/2020 1:00,1906.55
7/27/2020 1:00,1899.33
7/27/2020 1:00,1945.18
7/28/2020 1:00,1981.13
7/28/2020 1:00,1906.99
7/29/2020 1:00,1941.36
7/29/2020 1:00,1980.7
7/30/2020 1:00,1971.18
7/30/2020 1:00,1939.35
7/31/2020 1:00,1954.76
7/31/2020 1:00,1982.64
8/3/2020 1:00,1985.52
8/3/2020 1:00,1960.42
8/4/2020 1:00,1967.51
8/4/2020 1:00,2019.87
8/5/2020 1:00,2009.34
8/5/2020 1:00,2055.55
8/6/2020 1:00,2034.48
8/6/2020 1:00,2069.72
8/7/2020 1:00,2074.82
8/7/2020 1:00,2015.27
8/10/2020 1:00,2019.09
8/10/2020 1:00,2049.77
8/11/2020 1:00,2029.88
8/11/2020 1:00,1901.14
8/12/2020 1:00,1862.5
8/12/2020 1:00,1949.29
8/13/2020 1:00,1912.67
8/13/2020 1:00,1966.19
8/14/2020 1:00,1962.06
8/14/2020 1:00,1932.19
8/17/2020 1:00,1929.51
8/17/2020 1:00,1990.63
8/18/2020 1:00,2015.57
8/18/2020 1:00,1976.06
8/19/2020 1:00,2006.36
8/19/2020 1:00,1924.52
8/20/2020 1:00,1955.25
8/20/2020 1:00,1924.63
8/21/2020 1:00,1955.89
8/21/2020 1:00,1911.41
8/24/2020 1:00,1961.86
8/24/2020 1:00,1923.75
8/25/2020 1:00,1937.47
8/25/2020 1:00,1914.27
8/26/2020 1:00,1902.81
8/26/2020 1:00,1954.77
8/27/2020 1:00,1976.56
8/27/2020 1:00,1909.93
8/28/2020 1:00,1923.02
8/28/2020 1:00,1973.76
8/31/2020 1:00,1976.56
8/31/2020 1:00,1954.29
9/1/2020 1:00,1992.28
9/1/2020 1:00,1962.92
9/2/2020 1:00,1973.28
9/2/2020 1:00,1932.59
9/3/2020 1:00,1950.98
9/3/2020 1:00,1921.79
9/4/2020 1:00,1947.62
9/4/2020 1:00,1916.4
9/7/2020 1:00,1941.32
9/7/2020 1:00,1924.35
9/8/2020 1:00,1906.45
9/8/2020 1:00,1940.8
9/9/2020 1:00,1920.02
9/9/2020 1:00,1950.82
9/10/2020 1:00,1966.48
9/10/2020 1:00,1941.38
9/11/2020 1:00,1937.28
9/11/2020 1:00,1954.66
9/14/2020 1:00,1936.66
9/14/2020 1:00,1962.47
9/15/2020 1:00,1972.11
9/15/2020 1:00,1948.29
9/16/2020 1:00,1949.78
9/16/2020 1:00,1973.46
9/17/2020 1:00,1960.86
9/17/2020 1:00,1932.73
9/18/2020 1:00,1943.75
9/18/2020 1:00,1960.05
9/21/2020 1:00,1955.54
9/21/2020 1:00,1882.17
9/22/2020 1:00,1919.96
9/22/2020 1:00,1894.67
9/23/2020 1:00,1905.28
9/23/2020 1:00,1855.71
9/24/2020 1:00,1848.64
9/24/2020 1:00,1876.96
9/25/2020 1:00,1875.11
9/25/2020 1:00,1852.28
9/28/2020 1:00,1848.52
9/28/2020 1:00,1882.88
9/29/2020 1:00,1875.47
9/29/2020 1:00,1899.07
9/30/2020 1:00,1881.28
9/30/2020 1:00,1902.24
10/1/2020 1:00,1884.61
10/1/2020 1:00,1911.86
10/2/2020 1:00,1889.71
10/2/2020 1:00,1917.04
10/5/2020 1:00,1887
10/5/2020 1:00,1918.69
10/6/2020 1:00,1920.93
10/6/2020 1:00,1874.52
10/7/2020 1:00,1872.87
10/7/2020 1:00,1897.94
10/8/2020 1:00,1900.62
10/8/2020 1:00,1881.86
10/9/2020 1:00,1893.41
10/9/2020 1:00,1930.36
10/12/2020 1:00,1933.22
10/12/2020 1:00,1918.05
10/13/2020 1:00,1925.36
10/13/2020 1:00,1886.32
10/14/2020 1:00,1882.34
10/14/2020 1:00,1912.91
10/15/2020 1:00,1889.48
10/15/2020 1:00,1908.87
10/16/2020 1:00,1913.71
10/16/2020 1:00,1897.52
10/19/2020 1:00,1896.92
10/19/2020 1:00,1918.55
10/20/2020 1:00,1894.5
10/20/2020 1:00,1914.05
10/21/2020 1:00,1908.23
10/21/2020 1:00,1931.37
10/22/2020 1:00,1925.99
10/22/2020 1:00,1894.34
10/23/2020 1:00,1914.27
10/23/2020 1:00,1894.24
10/26/2020 0:00,1891.32
10/26/2020 0:00,1908.57
10/27/2020 0:00,1897.84
10/27/2020 0:00,1911.37
10/28/2020 0:00,1910.84
10/28/2020 0:00,1869.31
10/29/2020 0:00,1884.97
10/29/2020 0:00,1859.91
10/30/2020 0:00,1864.29
10/30/2020 0:00,1889.72
11/2/2020 1:00,1873.5
11/2/2020 1:00,1895.97
11/3/2020 1:00,1886.99
11/3/2020 1:00,1910.53
11/4/2020 1:00,1916.02
11/4/2020 1:00,1881.58
11/5/2020 1:00,1901.82
11/5/2020 1:00,1952.7
11/6/2020 1:00,1935.59
11/6/2020 1:00,1960.27
11/9/2020 1:00,1965.49
11/9/2020 1:00,1850.39
11/10/2020 1:00,1860.12
11/10/2020 1:00,1890.3
11/11/2020 1:00,1884.39
11/11/2020 1:00,1856.18
11/12/2020 1:00,1862.66
11/12/2020 1:00,1883.71
11/13/2020 1:00,1873.92
11/13/2020 1:00,1896.75
11/16/2020 1:00,1899
11/16/2020 1:00,1864.33
11/17/2020 1:00,1892.87
11/17/2020 1:00,1876.88
11/18/2020 1:00,1863.6
11/18/2020 1:00,1884.79
11/19/2020 1:00,1873.85
11/19/2020 1:00,1852.52
11/20/2020 1:00,1860.75
11/20/2020 1:00,1879.93
11/23/2020 1:00,1875.99
11/23/2020 1:00,1830.84
11/24/2020 1:00,1838.94
11/24/2020 1:00,1800.15
11/25/2020 1:00,1801.51
11/25/2020 1:00,1817.63
11/26/2020 1:00,1818.16
11/26/2020 1:00,1805.59
11/27/2020 1:00,1813.69
11/27/2020 1:00,1774.26
11/30/2020 1:00,1789.84
11/30/2020 1:00,1764.22
12/1/2020 1:00,1775.58
12/1/2020 1:00,1816.98
12/2/2020 1:00,1807.43
12/2/2020 1:00,1832.55
12/3/2020 1:00,1843.87
12/3/2020 1:00,1823.62
12/4/2020 1:00,1848.16
12/4/2020 1:00,1829.11
12/7/2020 1:00,1821.83
12/7/2020 1:00,1868.14
12/8/2020 1:00,1860.15
12/8/2020 1:00,1875.22
12/9/2020 1:00,1870.84
12/9/2020 1:00,1825.33
12/10/2020 1:00,1828.65
12/10/2020 1:00,1849.96
12/11/2020 1:00,1823.86
12/11/2020 1:00,1847.64
12/14/2020 1:00,1841.35
12/14/2020 1:00,1819.07
12/15/2020 1:00,1825.36
12/15/2020 1:00,1855.37
12/16/2020 1:00,1865.63
12/16/2020 1:00,1844.7
12/17/2020 1:00,1861.93
12/17/2020 1:00,1896.18
12/18/2020 1:00,1877.4
12/18/2020 1:00,1889.53
12/21/2020 1:00,1906.68
12/21/2020 1:00,1854.89
12/22/2020 1:00,1884.18
12/22/2020 1:00,1858.25
12/23/2020 1:00,1856.98
12/23/2020 1:00,1878.45
12/24/2020 1:00,1869.43
12/24/2020 1:00,1883.35
12/28/2020 1:00,1900.09
12/28/2020 1:00,1869.1
12/29/2020 1:00,1871.63
12/29/2020 1:00,1886.34
12/30/2020 1:00,1876.06
12/30/2020 1:00,1894.45
12/31/2020 1:00,1885.41
12/31/2020 1:00,1900.39
1/4/2021 1:00,1902.46
1/4/2021 1:00,1944.4
1/5/2021 1:00,1934.23
1/5/2021 1:00,1952.94
1/6/2021 1:00,1959.23
1/6/2021 1:00,1900.77
1/7/2021 1:00,1927.64
1/7/2021 1:00,1906.7
1/8/2021 1:00,1917.4
1/8/2021 1:00,1828.31
1/11/2021 1:00,1856.66
1/11/2021 1:00,1817.24
1/12/2021 1:00,1863.8
1/12/2021 1:00,1837.28
1/13/2021 1:00,1862.96
1/13/2021 1:00,1841.88
1/14/2021 1:00,1828.97
1/14/2021 1:00,1857.56
1/15/2021 1:00,1856.81
1/15/2021 1:00,1823.24
1/18/2021 1:00,1803.25
1/18/2021 1:00,1840.79
1/19/2021 1:00,1845.51
1/19/2021 1:00,1833.02
1/20/2021 1:00,1832.42
1/20/2021 1:00,1872.02
1/21/2021 1:00,1875.05
1/21/2021 1:00,1858.28
1/22/2021 1:00,1870.69
1/22/2021 1:00,1837.3
1/25/2021 1:00,1867.83
1/25/2021 1:00,1847.11
1/26/2021 1:00,1861.7
1/26/2021 1:00,1848.38
1/27/2021 1:00,1853.09
1/27/2021 1:00,1831.31
1/28/2021 1:00,1834
1/28/2021 1:00,1864.05
1/29/2021 1:00,1839.51
1/29/2021 1:00,1875.55
2/1/2021 1:00,1849.01
2/1/2021 1:00,1871.76
2/2/2021 1:00,1864.07
2/2/2021 1:00,1829.48
2/3/2021 1:00,1844.89
2/3/2021 1:00,1829.62
2/4/2021 1:00,1834.72
2/4/2021 1:00,1784.92
2/5/2021 1:00,1792.03
2/5/2021 1:00,1814.92
2/8/2021 1:00,1807.75
2/8/2021 1:00,1839.06
2/9/2021 1:00,1828.84
2/9/2021 1:00,1848.51
2/10/2021 1:00,1834.01
2/10/2021 1:00,1855.32
2/11/2021 1:00,1847.48
2/11/2021 1:00,1821.09
2/12/2021 1:00,1810.43
2/12/2021 1:00,1830.7
2/15/2021 1:00,1826.98
2/15/2021 1:00,1816
2/16/2021 1:00,1826.41
2/16/2021 1:00,1789.42
2/17/2021 1:00,1795.07
2/17/2021 1:00,1769.47
2/18/2021 1:00,1789.56
2/18/2021 1:00,1768.34
2/19/2021 1:00,1760.62
2/19/2021 1:00,1791.53
2/22/2021 1:00,1780.67
2/22/2021 1:00,1812.58
2/23/2021 1:00,1815.99
2/23/2021 1:00,1795.56
2/24/2021 1:00,1813.78
2/24/2021 1:00,1783.25
2/25/2021 1:00,1805.5
2/25/2021 1:00,1765.35
2/26/2021 1:00,1775.76
2/26/2021 1:00,1717.17
3/1/2021 1:00,1759.72
3/1/2021 1:00,1719.48
3/2/2021 1:00,1707.24
3/2/2021 1:00,1738.99
3/3/2021 1:00,1740.47
3/3/2021 1:00,1702.01
3/4/2021 1:00,1723.17
3/4/2021 1:00,1690.51
3/5/2021 1:00,1687.32
3/5/2021 1:00,1707.6
3/8/2021 1:00,1714.17
3/8/2021 1:00,1676.71
3/9/2021 1:00,1680.05
3/9/2021 1:00,1720.53
3/10/2021 1:00,1708.46
3/10/2021 1:00,1726.69
3/11/2021 1:00,1739.81
3/11/2021 1:00,1719.21
3/12/2021 1:00,1699.15
3/12/2021 1:00,1729.28
3/15/2021 0:00,1721.56
3/15/2021 0:00,1734.51
3/16/2021 0:00,1726.15
3/16/2021 0:00,1741.03
3/17/2021 0:00,1724.31
3/17/2021 0:00,1751.57
3/18/2021 0:00,1755.44
3/18/2021 0:00,1719.2
3/19/2021 0:00,1728.35
3/19/2021 0:00,1746.8
3/22/2021 0:00,1747
3/22/2021 0:00,1727.15
3/23/2021 0:00,1742.45
3/23/2021 0:00,1724.44
3/24/2021 0:00,1723.63
3/24/2021 0:00,1738.39
3/25/2021 0:00,1745.4
3/25/2021 0:00,1721.64
3/26/2021 0:00,1721.51
3/26/2021 0:00,1736.67
3/29/2021 1:00,1733.05
3/29/2021 1:00,1705.69
3/30/2021 1:00,1714.32
3/30/2021 1:00,1678.29
3/31/2021 1:00,1677.72
3/31/2021 1:00,1715.19
4/1/2021 1:00,1705.62
4/1/2021 1:00,1730.44
4/5/2021 1:00,1721.22
4/5/2021 1:00,1733.5
4/6/2021 1:00,1727.11
4/6/2021 1:00,1745.35
4/7/2021 1:00,1744.21
4/7/2021 1:00,1730.46
4/8/2021 1:00,1732.98
4/8/2021 1:00,1758.65
4/9/2021 1:00,1757.21
4/9/2021 1:00,1730.83
4/12/2021 1:00,1744.88
4/12/2021 1:00,1727.31
4/13/2021 1:00,1723.64
4/13/2021 1:00,1748.82
4/14/2021 1:00,1749.33
4/14/2021 1:00,1732.51
4/15/2021 1:00,1734.1
4/15/2021 1:00,1769.81
4/16/2021 1:00,1759.72
4/16/2021 1:00,1783.77
4/19/2021 1:00,1789.92
4/19/2021 1:00,1766.53
4/20/2021 1:00,1763.57
4/20/2021 1:00,1780.35
4/21/2021 1:00,1776.03
4/21/2021 1:00,1797.51
4/22/2021 1:00,1797.76
4/22/2021 1:00,1777.15
4/23/2021 1:00,1795.85
4/23/2021 1:00,1770.34
4/26/2021 1:00,1783.4
4/26/2021 1:00,1768.67
4/27/2021 1:00,1773.64
4/27/2021 1:00,1785.48
4/28/2021 1:00,1762.58
4/28/2021 1:00,1782.47
4/29/2021 1:00,1789.88
4/29/2021 1:00,1755.96
4/30/2021 1:00,1773.64
4/30/2021 1:00,1764.11
5/3/2021 1:00,1766.04
5/3/2021 1:00,1797.95
5/4/2021 1:00,1799.07
5/4/2021 1:00,1770.63
5/5/2021 1:00,1770.27
5/5/2021 1:00,1787.92
5/6/2021 1:00,1781.9
5/6/2021 1:00,1818.04
5/7/2021 1:00,1813.03
5/7/2021 1:00,1843.24
5/10/2021 1:00,1829.8
5/10/2021 1:00,1845.34
5/11/2021 1:00,1841.75
5/11/2021 1:00,1817.83
5/12/2021 1:00,1843.6
5/12/2021 1:00,1813.17
5/13/2021 1:00,1808.66
5/13/2021 1:00,1828.72
5/14/2021 1:00,1819.85
5/14/2021 1:00,1846.03
5/17/2021 1:00,1840.49
5/17/2021 1:00,1868.41
5/18/2021 1:00,1874.95
5/18/2021 1:00,1863.1
5/19/2021 1:00,1852.08
5/19/2021 1:00,1890.02
5/20/2021 1:00,1863.79
5/20/2021 1:00,1883.8
5/21/2021 1:00,1889.31
5/21/2021 1:00,1870.05
5/24/2021 1:00,1887.04
5/24/2021 1:00,1875.13
5/25/2021 1:00,1872.56
5/25/2021 1:00,1900.28
5/26/2021 1:00,1912.65
5/26/2021 1:00,1890.14
5/27/2021 1:00,1903.6
5/27/2021 1:00,1888.12
5/28/2021 1:00,1882.63
5/28/2021 1:00,1905.61
5/31/2021 1:00,1910.55
5/31/2021 1:00,1902.44
6/1/2021 1:00,1916.12
6/1/2021 1:00,1892.87
6/2/2021 1:00,1894.14
6/2/2021 1:00,1908.99
6/3/2021 1:00,1909.6
6/3/2021 1:00,1864.99
6/4/2021 1:00,1855.54
6/4/2021 1:00,1896.12
6/7/2021 1:00,1881.44
6/7/2021 1:00,1900.05
6/8/2021 1:00,1903.67
6/8/2021 1:00,1884.15
6/9/2021 1:00,1887.2
6/9/2021 1:00,1898.36
6/10/2021 1:00,1869.68
6/10/2021 1:00,1899.81
6/11/2021 1:00,1902.87
6/11/2021 1:00,1874.33
6/14/2021 1:00,1877.81
6/14/2021 1:00,1844.73
6/15/2021 1:00,1869.09
6/15/2021 1:00,1851.48
6/16/2021 1:00,1863.1
6/16/2021 1:00,1803.43
6/17/2021 1:00,1825.14
6/17/2021 1:00,1766.95
6/18/2021 1:00,1797.13
6/18/2021 1:00,1760.63
6/21/2021 1:00,1764.67
6/21/2021 1:00,1786.45
6/22/2021 1:00,1790.02
6/22/2021 1:00,1772.25
6/23/2021 1:00,1795.05
6/23/2021 1:00,1773.11
6/24/2021 1:00,1772.77
6/24/2021 1:00,1787.92
6/25/2021 1:00,1773.58
6/25/2021 1:00,1790.28
6/28/2021 1:00,1770.57
6/28/2021 1:00,1785.64
6/29/2021 1:00,1778.89
6/29/2021 1:00,1750.51
6/30/2021 1:00,1753.2
6/30/2021 1:00,1774.3
7/1/2021 1:00,1765.52
7/1/2021 1:00,1783.04
7/2/2021 1:00,1774.24
7/2/2021 1:00,1795.07
7/5/2021 1:00,1784.4
7/5/2021 1:00,1794.4
7/6/2021 1:00,1814.93
7/6/2021 1:00,1789.99
7/7/2021 1:00,1793.86
7/7/2021 1:00,1809.75
7/8/2021 1:00,1818.32
7/8/2021 1:00,1794.28
7/9/2021 1:00,1796.6
7/9/2021 1:00,1812.33
7/12/2021 1:00,1810.81
7/12/2021 1:00,1791.55
7/13/2021 1:00,1817.06
7/13/2021 1:00,1798.62
7/14/2021 1:00,1804.5
7/14/2021 1:00,1829.8
7/15/2021 1:00,1834.08
7/15/2021 1:00,1820.27
7/16/2021 1:00,1831.98
7/16/2021 1:00,1808.85
7/19/2021 1:00,1817.3
7/19/2021 1:00,1794.93
7/20/2021 1:00,1824.77
7/20/2021 1:00,1804.88
7/21/2021 1:00,1813.67
7/21/2021 1:00,1794.63
7/22/2021 1:00,1792.69
7/22/2021 1:00,1808.58
7/23/2021 1:00,1810.31
7/23/2021 1:00,1789.62
7/26/2021 1:00,1811.47
7/26/2021 1:00,1796.32
7/27/2021 1:00,1793.58
7/27/2021 1:00,1805.21
7/28/2021 1:00,1792.54
7/28/2021 1:00,1809.77
7/29/2021 1:00,1806.77
7/29/2021 1:00,1832.59
7/30/2021 1:00,1831.3
7/30/2021 1:00,1810.21
8/2/2021 1:00,1805.75
8/2/2021 1:00,1819.47
8/3/2021 1:00,1807.06
8/3/2021 1:00,1814.97
8/4/2021 1:00,1831.66
8/4/2021 1:00,1806.43
8/5/2021 1:00,1814.85
8/5/2021 1:00,1797.74
8/6/2021 1:00,1804.77
8/6/2021 1:00,1758.62
8/9/2021 1:00,1764.55
8/9/2021 1:00,1685.81
8/10/2021 1:00,1738.22
8/10/2021 1:00,1718.21
8/11/2021 1:00,1724.06
8/11/2021 1:00,1754.38
8/12/2021 1:00,1758.07
8/12/2021 1:00,1741.55
8/13/2021 1:00,1751.66
8/13/2021 1:00,1780.29
8/16/2021 1:00,1770.79
8/16/2021 1:00,1789.22
8/17/2021 1:00,1795.48
8/17/2021 1:00,1780.51
8/18/2021 1:00,1793.75
8/18/2021 1:00,1777.13
8/19/2021 1:00,1774.43
8/19/2021 1:00,1792.4
8/20/2021 1:00,1788.37
8/20/2021 1:00,1778.29
8/23/2021 1:00,1776.37
8/23/2021 1:00,1806.38
8/24/2021 1:00,1800.68
8/24/2021 1:00,1809.54
8/25/2021 1:00,1803.1
8/25/2021 1:00,1782.49
8/26/2021 1:00,1779.98
8/26/2021 1:00,1798.15
8/27/2021 1:00,1785
8/27/2021 1:00,1819.21
8/30/2021 1:00,1823.13
8/30/2021 1:00,1807.93
8/31/2021 1:00,1819.15
8/31/2021 1:00,1801.7
9/1/2021 1:00,1819.91
9/1/2021 1:00,1808.51
9/2/2021 1:00,1817.05
9/2/2021 1:00,1804.79
9/3/2021 1:00,1808.86
9/3/2021 1:00,1833.95
9/6/2021 1:00,1830.28
9/6/2021 1:00,1821.33
9/7/2021 1:00,1827.25
9/7/2021 1:00,1792.37
9/8/2021 1:00,1802.1
9/8/2021 1:00,1782.29
9/9/2021 1:00,1800.91
9/9/2021 1:00,1783.75
9/10/2021 1:00,1803.85
9/10/2021 1:00,1787.08
9/13/2021 1:00,1783.75
9/13/2021 1:00,1798.25
9/14/2021 1:00,1781.24
9/14/2021 1:00,1808.6
9/15/2021 1:00,1806.75
9/15/2021 1:00,1790.67
9/16/2021 1:00,1796.14
9/16/2021 1:00,1745.28
9/17/2021 1:00,1767.42
9/17/2021 1:00,1747.43
9/20/2021 1:00,1741.94
9/20/2021 1:00,1766.92
9/21/2021 1:00,1757.87
9/21/2021 1:00,1781.66
9/22/2021 1:00,1787.16
9/22/2021 1:00,1764.63
9/23/2021 1:00,1776.48
9/23/2021 1:00,1737.58
9/24/2021 1:00,1757.53
9/24/2021 1:00,1740.4
9/27/2021 1:00,1760.74
9/27/2021 1:00,1744.75
9/28/2021 1:00,1754.38
9/28/2021 1:00,1728.02
9/29/2021 1:00,1745.46
9/29/2021 1:00,1721.55
9/30/2021 1:00,1722.13
9/30/2021 1:00,1764.11
10/1/2021 1:00,1749.59
10/1/2021 1:00,1764.22
10/4/2021 1:00,1747.66
10/4/2021 1:00,1770.48
10/5/2021 1:00,1769.86
10/5/2021 1:00,1748.53
10/6/2021 1:00,1745.85
10/6/2021 1:00,1765.04
10/7/2021 1:00,1766.89
10/7/2021 1:00,1751.86
10/8/2021 1:00,1753.2
10/8/2021 1:00,1781.22
10/11/2021 1:00,1760.9
10/11/2021 1:00,1750.04
10/12/2021 1:00,1750.75
10/12/2021 1:00,1769.25
10/13/2021 1:00,1757.79
10/13/2021 1:00,1796.03
10/14/2021 1:00,1786.51
10/14/2021 1:00,1800.42
10/15/2021 1:00,1796.4
10/15/2021 1:00,1764.72
10/18/2021 1:00,1772.03
10/18/2021 1:00,1760.27
10/19/2021 1:00,1762.78
10/19/2021 1:00,1785.04
10/20/2021 1:00,1766.75
10/20/2021 1:00,1788.34
10/21/2021 1:00,1789.39
10/21/2021 1:00,1776.35
10/22/2021 1:00,1782.85
10/22/2021 1:00,1813.95
10/25/2021 1:00,1792.17
10/25/2021 1:00,1809.96
10/26/2021 1:00,1808.24
10/26/2021 1:00,1782.27
10/27/2021 1:00,1783.35
10/27/2021 1:00,1799.05
10/28/2021 1:00,1810.36
10/28/2021 1:00,1792.16
10/29/2021 1:00,1801.04
10/29/2021 1:00,1771.79
11/1/2021 0:00,1778.99
11/1/2021 0:00,1795.75
11/2/2021 0:00,1796.34
11/2/2021 0:00,1786.25
11/3/2021 0:00,1788.11
11/3/2021 0:00,1758.6
11/4/2021 0:00,1769.33
11/4/2021 0:00,1798.86
11/5/2021 0:00,1785.11
11/5/2021 0:00,1818.16
11/8/2021 1:00,1812.36
11/8/2021 1:00,1826.32
11/9/2021 1:00,1819.08
11/9/2021 1:00,1832.57
11/10/2021 1:00,1822.27
11/10/2021 1:00,1868.5
11/11/2021 1:00,1842.8
11/11/2021 1:00,1865.97
11/12/2021 1:00,1845.17
11/12/2021 1:00,1868.6
11/15/2021 1:00,1856.22
11/15/2021 1:00,1870.18
11/16/2021 1:00,1877.03
11/16/2021 1:00,1849.53
11/17/2021 1:00,1849.48
11/17/2021 1:00,1867.96
11/18/2021 1:00,1870.87
11/18/2021 1:00,1855.02
11/19/2021 1:00,1865.78
11/19/2021 1:00,1842.85
11/22/2021 1:00,1849
11/22/2021 1:00,1802.09
11/23/2021 1:00,1812.34
11/23/2021 1:00,1781.88
11/24/2021 1:00,1796.27
11/24/2021 1:00,1778.38
11/25/2021 1:00,1785.88
11/25/2021 1:00,1794.98
11/26/2021 1:00,1815.52
11/26/2021 1:00,1780.45
11/29/2021 1:05,1779.95
11/29/2021 1:05,1799.34
11/30/2021 1:00,1808.65
11/30/2021 1:00,1769.79
12/1/2021 1:00,1772.16
12/1/2021 1:00,1794.55
12/2/2021 1:00,1783.34
12/2/2021 1:00,1761.71
12/3/2021 1:00,1766.01
12/3/2021 1:00,1786.04
12/6/2021 1:00,1787.63
12/6/2021 1:00,1775.62
12/7/2021 1:00,1772.07
12/7/2021 1:00,1787.73
12/8/2021 1:00,1793.05
12/8/2021 1:00,1779.52
12/9/2021 1:00,1787.54
12/9/2021 1:00,1773.12
12/10/2021 1:00,1770.01
12/10/2021 1:00,1789.45
12/13/2021 1:00,1781.65
12/13/2021 1:00,1791.51
12/14/2021 1:00,1789.46
12/14/2021 1:00,1766.38
12/15/2021 1:00,1753
12/15/2021 1:00,1780.8
12/16/2021 1:00,1775.44
12/16/2021 1:00,1799.66
12/17/2021 1:00,1814.18
12/17/2021 1:00,1795.69
12/20/2021 1:00,1804.02
12/20/2021 1:00,1788.24
12/21/2021 1:00,1800.38
12/21/2021 1:00,1784.75
12/22/2021 1:00,1785.78
12/22/2021 1:00,1804.93
12/23/2021 1:00,1798.84
12/23/2021 1:00,1810.69
12/27/2021 1:00,1802.9
12/27/2021 1:00,1813.37
12/28/2021 1:00,1820.14
12/28/2021 1:00,1804.92
12/29/2021 1:00,1807.55
12/29/2021 1:00,1789.35
12/30/2021 1:00,1796.08
12/30/2021 1:00,1817.06
12/31/2021 1:00,1814.32
12/31/2021 1:00,1828.57
1/3/2022 1:00,1831.58
1/3/2022 1:00,1798.25
1/4/2022 1:00,1798.49
1/4/2022 1:00,1816.65
1/5/2022 1:00,1829.6
1/5/2022 1:00,1808.19
1/6/2022 1:00,1811.43
1/6/2022 1:00,1786.24
1/7/2022 1:00,1782.49
1/7/2022 1:00,1798.58
1/10/2022 1:00,1802.22
1/10/2022 1:00,1790.27
1/11/2022 1:00,1799.97
1/11/2022 1:00,1823.16
1/12/2022 1:00,1814.61
1/12/2022 1:00,1827.98
1/13/2022 1:00,1828.01
1/13/2022 1:00,1812.3
1/14/2022 1:00,1829.05
1/14/2022 1:00,1814.58
1/17/2022 1:00,1813
1/17/2022 1:00,1823.14
1/18/2022 1:00,1822.69
1/18/2022 1:00,1805.62
1/19/2022 1:00,1810.18
1/19/2022 1:00,1843.28
1/20/2022 1:00,1835.85
1/20/2022 1:00,1847.84
1/21/2022 1:00,1843.15
1/21/2022 1:00,1828.42
1/24/2022 1:00,1844.27
1/24/2022 1:00,1829.65
1/25/2022 1:00,1834.79
1/25/2022 1:00,1853.75
1/26/2022 1:00,1849.99
1/26/2022 1:00,1814.73
1/27/2022 1:00,1822.07
1/27/2022 1:00,1791.68
1/28/2022 1:00,1799.33
1/28/2022 1:00,1780.17
1/31/2022 1:00,1785.48
1/31/2022 1:00,1799.83
2/1/2022 1:00,1795.65
2/1/2022 1:00,1808.71
2/2/2022 1:00,1794.34
2/2/2022 1:00,1810.7
2/3/2022 1:00,1808.88
2/3/2022 1:00,1788.57
2/4/2022 1:00,1814.81
2/4/2022 1:00,1792.15
2/7/2022 1:00,1806.33
2/7/2022 1:00,1823.47
2/8/2022 1:00,1815.35
2/8/2022 1:00,1828.66
2/9/2022 1:00,1824.61
2/9/2022 1:00,1835.73
2/10/2022 1:00,1821.74
2/10/2022 1:00,1841.82
2/11/2022 1:00,1820.86
2/11/2022 1:00,1865.29
2/14/2022 1:00,1850.72
2/14/2022 1:00,1874.23
2/15/2022 1:00,1879.4
2/15/2022 1:00,1844.37
2/16/2022 1:00,1850.22
2/16/2022 1:00,1872.46
2/17/2022 1:00,1867.74
2/17/2022 1:00,1901.01
2/18/2022 1:00,1902.34
2/18/2022 1:00,1886.53
2/21/2022 1:00,1908.15
2/21/2022 1:00,1887.54
2/22/2022 1:00,1914.02
2/22/2022 1:00,1891.35
2/23/2022 1:00,1889.59
2/23/2022 1:00,1910.44
2/24/2022 1:00,1974.31
2/24/2022 1:00,1878.05
2/25/2022 1:00,1921.5
2/25/2022 1:00,1882.89
2/28/2022 1:00,1931.4
2/28/2022 1:00,1890.82
3/1/2022 1:00,1901.34
3/1/2022 1:00,1950.15
3/2/2022 1:00,1947.9
3/2/2022 1:00,1914.84
3/3/2022 1:00,1921.9
3/3/2022 1:00,1941.16
3/4/2022 1:00,1929.59
3/4/2022 1:00,1970.66
3/7/2022 1:00,2002.36
3/7/2022 1:00,1960.95
3/8/2022 1:00,1980.85
3/8/2022 1:00,2069.94
3/9/2022 1:00,2058.71
3/9/2022 1:00,1975.94
3/10/2022 1:00,1970.31
3/10/2022 1:00,2009
3/11/2022 1:00,1998.8
3/11/2022 1:00,1958.53
3/14/2022 0:00,1990.2
3/14/2022 0:00,1949.6
3/15/2022 0:00,1954.42
3/15/2022 0:00,1906.94
3/16/2022 0:00,1894.85
3/16/2022 0:00,1929.34
3/17/2022 0:00,1923.17
3/17/2022 0:00,1949.71
3/18/2022 0:00,1945.26
3/18/2022 0:00,1917.82
3/21/2022 0:00,1917.95
3/21/2022 0:00,1940.88
3/22/2022 0:00,1938.27
3/22/2022 0:00,1910.68
3/23/2022 0:00,1915.53
3/23/2022 0:00,1948.3
3/24/2022 0:00,1937.24
3/24/2022 0:00,1965.94
3/25/2022 0:00,1964.14
3/25/2022 0:00,1943
3/28/2022 1:00,1959.13
3/28/2022 1:00,1916.9
3/29/2022 1:00,1929.19
3/29/2022 1:00,1890.01
3/30/2022 1:00,1915.82
3/30/2022 1:00,1938.46
3/31/2022 1:00,1919.09
3/31/2022 1:00,1949.7
4/1/2022 1:00,1939.41
4/1/2022 1:00,1917.95
4/4/2022 1:00,1915.38
4/4/2022 1:00,1936.8
4/5/2022 1:00,1944.5
4/5/2022 1:00,1917.91
4/6/2022 1:00,1915.13
4/6/2022 1:00,1933.35
4/7/2022 1:00,1920.37
4/7/2022 1:00,1937.74
4/8/2022 1:00,1927.6
4/8/2022 1:00,1948.07
4/11/2022 1:00,1939.87
4/11/2022 1:00,1969.58
4/12/2022 1:00,1949.68
4/12/2022 1:00,1978.51
4/13/2022 1:00,1962.76
4/13/2022 1:00,1981.46
4/14/2022 1:00,1980.25
4/14/2022 1:00,1960.55
4/18/2022 1:00,1970.9
4/18/2022 1:00,1998.27
4/19/2022 1:00,1981.9
4/19/2022 1:00,1943.71
4/20/2022 1:00,1939.2
4/20/2022 1:00,1958.23
4/21/2022 1:00,1957.3
4/21/2022 1:00,1936.66
4/22/2022 1:00,1955.55
4/22/2022 1:00,1926.59
4/25/2022 1:00,1935.07
4/25/2022 1:00,1891.41
4/26/2022 1:00,1895.65
4/26/2022 1:00,1911.13
4/27/2022 1:00,1906.94
4/27/2022 1:00,1881.24
4/28/2022 1:00,1872.04
4/28/2022 1:00,1896.63
4/29/2022 1:00,1892.37
4/29/2022 1:00,1919.85
5/2/2022 1:00,1899.87
5/2/2022 1:00,1854.49
5/3/2022 1:00,1850.3
5/3/2022 1:00,1878.05
5/4/2022 1:00,1861.35
5/4/2022 1:00,1889.71
5/5/2022 1:00,1909.64
5/5/2022 1:00,1872.35
5/6/2022 1:00,1865.85
5/6/2022 1:00,1892.46
5/9/2022 1:00,1885.53
5/9/2022 1:00,1851.76
5/10/2022 1:00,1865.32
5/10/2022 1:00,1835.34
5/11/2022 1:00,1831.92
5/11/2022 1:00,1858.05
5/12/2022 1:00,1858.71
5/12/2022 1:00,1821.26
5/13/2022 1:00,1828.69
5/13/2022 1:00,1798.8
5/16/2022 1:00,1786.71
5/16/2022 1:00,1826.79
5/17/2022 1:00,1835.99
5/17/2022 1:00,1812.83
5/18/2022 1:00,1807.18
5/18/2022 1:00,1824.61
5/19/2022 1:00,1810.77
5/19/2022 1:00,1849.04
5/20/2022 1:00,1849.35
5/20/2022 1:00,1832.32
5/23/2022 1:00,1842.98
5/23/2022 1:00,1865.38
5/24/2022 1:00,1849.17
5/24/2022 1:00,1869.61
5/25/2022 1:00,1867.92
5/25/2022 1:00,1842.03
5/26/2022 1:00,1854.31
5/26/2022 1:00,1840.92
5/27/2022 1:00,1847.8
5/27/2022 1:00,1861.96
5/30/2022 1:00,1848.09
5/30/2022 1:00,1863.97
5/31/2022 1:00,1857.07
5/31/2022 1:00,1835.04
6/1/2022 1:00,1828.43
6/1/2022 1:00,1849.9
6/2/2022 1:00,1844.01
6/2/2022 1:00,1870.34
6/3/2022 1:00,1874.01
6/3/2022 1:00,1847.28
6/6/2022 1:00,1857.86
6/6/2022 1:00,1840.57
6/7/2022 1:00,1836.97
6/7/2022 1:00,1855.47
6/8/2022 1:00,1844.55
6/8/2022 1:00,1859.33
6/9/2022 1:00,1855.24
6/9/2022 1:00,1839.9
6/10/2022 1:00,1824.98
6/10/2022 1:00,1875.84
6/13/2022 1:00,1878.94
6/13/2022 1:00,1819
6/14/2022 1:00,1831.55
6/14/2022 1:00,1805.05
6/15/2022 1:00,1807.33
6/15/2022 1:00,1841.76
6/16/2022 1:00,1815.12
6/16/2022 1:00,1857.47
6/17/2022 1:00,1857.04
6/17/2022 1:00,1833.94
6/20/2022 1:00,1834.57
6/20/2022 1:00,1845.98
6/21/2022 1:00,1843.45
6/21/2022 1:00,1828.53
6/22/2022 1:00,1823.3
6/22/2022 1:00,1847.93
6/23/2022 1:00,1846.12
6/23/2022 1:00,1822.45
6/24/2022 1:00,1831.67
6/24/2022 1:00,1816.83
6/27/2022 1:00,1840.95
6/27/2022 1:00,1820.71
6/28/2022 1:00,1829.4
6/28/2022 1:00,1818.36
6/29/2022 1:00,1811.97
6/29/2022 1:00,1832.96
6/30/2022 1:00,1802.65
6/30/2022 1:00,1824.99
7/1/2022 1:00,1784.44
7/1/2022 1:00,1811.78
7/4/2022 1:00,1814.23
7/4/2022 1:00,1803.9
7/5/2022 1:00,1812.04
7/5/2022 1:00,1763.83
7/6/2022 1:00,1772.78
7/6/2022 1:00,1732.2
7/7/2022 1:00,1736.4
7/7/2022 1:00,1749.01
7/8/2022 1:00,1732.88
7/8/2022 1:00,1752.41
7/11/2022 1:00,1744.39
7/11/2022 1:00,1731.21
7/12/2022 1:00,1723.14
7/12/2022 1:00,1744.18
7/13/2022 1:00,1707.16
7/13/2022 1:00,1745.34
7/14/2022 1:00,1736.24
7/14/2022 1:00,1697.47
7/15/2022 1:00,1716.56
7/15/2022 1:00,1698.93
7/18/2022 1:00,1705.88
7/18/2022 1:00,1723.79
7/19/2022 1:00,1705.19
7/19/2022 1:00,1718.38
7/20/2022 1:00,1714.42
7/20/2022 1:00,1692.19
7/21/2022 1:00,1680.82
7/21/2022 1:00,1720.13
7/22/2022 1:00,1712.82
7/22/2022 1:00,1739.21
7/25/2022 1:00,1736.18
7/25/2022 1:00,1714.67
7/26/2022 1:00,1728.13
7/26/2022 1:00,1713.57
7/27/2022 1:00,1711.39
7/27/2022 1:00,1740.28
7/28/2022 1:00,1733.48
7/28/2022 1:00,1757.02
7/29/2022 1:00,1767.85
7/29/2022 1:00,1752.03
8/1/2022 1:00,1758.26
8/1/2022 1:00,1775.31
8/2/2022 1:00,1787.95
8/2/2022 1:00,1760.38
8/3/2022 1:00,1772.69
8/3/2022 1:00,1753.92
8/4/2022 1:00,1763.18
8/4/2022 1:00,1794.87
8/5/2022 1:00,1794.82
8/5/2022 1:00,1764.9
8/8/2022 1:00,1770.66
8/8/2022 1:00,1789.97
8/9/2022 1:00,1783.15
8/9/2022 1:00,1800.15
8/10/2022 1:00,1787.38
8/10/2022 1:00,1807.87
8/11/2022 1:00,1783.47
8/11/2022 1:00,1799.24
8/12/2022 1:00,1784.82
8/12/2022 1:00,1802.63
8/15/2022 1:00,1802.34
8/15/2022 1:00,1772.91
8/16/2022 1:00,1783.04
8/16/2022 1:00,1771.42
8/17/2022 1:00,1782.22
8/17/2022 1:00,1759.73
8/18/2022 1:00,1772.36
8/18/2022 1:00,1755.27
8/19/2022 1:00,1759.43
8/19/2022 1:00,1745.46
8/22/2022 1:00,1748.99
8/22/2022 1:00,1727.7
8/23/2022 1:00,1730.71
8/23/2022 1:00,1754
8/24/2022 1:00,1742.34
8/24/2022 1:00,1755.8
8/25/2022 1:00,1749.9
8/25/2022 1:00,1765.42
8/26/2022 1:00,1758.84
8/26/2022 1:00,1734.11
8/29/2022 1:00,1720.26
8/29/2022 1:00,1745.45
8/30/2022 1:00,1740.46
8/30/2022 1:00,1721.11
8/31/2022 1:00,1726.46
8/31/2022 1:00,1709.49
9/1/2022 1:00,1711.37
9/1/2022 1:00,1688.73
9/2/2022 1:00,1694.92
9/2/2022 1:00,1717.95
